video_id,title,genre,duration,release_year
1,School drive.,drama,57,2024
2,Poor.,sci-fi,160,2022
3,Language play talk.,documentary,138,2022
4,Might.,documentary,127,2000
5,Time learn voice.,action,78,2012
6,Soldier.,comedy,106,2002
7,It in cup.,documentary,47,2024
8,Meet particular situation skill.,sci-fi,150,2001
9,Attorney write read space.,comedy,65,2001
10,Of clear.,drama,107,2013
11,Leader economic.,comedy,135,2021
12,Expert either dark.,sci-fi,133,2016
13,Summer seat walk.,documentary,47,2016
14,Increase down former fact.,documentary,157,2007
15,Else should.,sci-fi,161,2015
16,Staff science partner.,action,60,2013
17,Business but.,action,30,2005
18,Senior find writer.,documentary,68,2008
19,Compare study arm.,comedy,69,2007
20,Already region.,sci-fi,72,2007
21,Painting claim.,drama,80,2013
22,Understand.,comedy,135,2006
23,Sing everyone.,documentary,60,2010
24,Develop most.,documentary,47,2020
25,Reach window near.,comedy,53,2024
26,Well she physical.,comedy,43,2005
27,Son hear gas.,sci-fi,66,2006
28,Camera she method.,documentary,91,2022
29,Relate local scene.,comedy,49,2016
30,Many free.,drama,86,2004
31,Dark onto.,sci-fi,39,2018
32,Indeed rate civil perform.,documentary,138,2004
33,Teacher authority.,documentary,38,2009
34,Wear any.,drama,41,2018
35,Reason management official.,action,70,2024
36,Now crime for.,sci-fi,160,2017
37,Professional traditional development direction.,documentary,126,2020
38,Color plan tonight computer.,sci-fi,48,2017
39,Everything financial side.,documentary,144,2010
40,Town see huge service.,documentary,111,2024
41,Against analysis.,documentary,172,2009
42,Skill tend kitchen.,sci-fi,156,2010
43,Check he.,documentary,32,2008
44,Military Congress.,action,112,2021
45,Music fill.,documentary,79,2006
46,Account mention.,sci-fi,111,2008
47,Into away.,drama,96,2015
48,Such explain.,action,136,2001
49,Right kid hard successful.,comedy,30,2014
50,Result remain long.,action,36,2021
51,Decision go operation.,comedy,153,2006
52,Home admit movement.,action,35,2016
53,Big close conference.,drama,38,2015
54,Land wide.,sci-fi,125,2003
55,Article evidence always.,documentary,59,2016
56,Fire yet data.,documentary,173,2003
57,Upon when option.,drama,84,2006
58,Minute matter thus.,drama,90,2020
59,Rate others.,comedy,119,2020
60,Box fear.,drama,56,2023
61,Service stock pretty course.,sci-fi,51,2013
62,Animal when.,comedy,93,2005
63,Technology last pick.,drama,170,2009
64,Wonder follow.,comedy,164,2001
65,Member well character move.,sci-fi,44,2013
66,Consider player run.,sci-fi,33,2008
67,Evening.,action,179,2020
68,After.,action,163,2007
69,Present community assume home.,documentary,162,2023
70,Occur he.,documentary,158,2024
71,Every contain fight stock.,action,132,2023
72,Again officer.,sci-fi,142,2009
73,Factor week upon.,drama,95,2002
74,Or amount.,drama,99,2008
75,Necessary.,drama,53,2020
76,Trial ask.,documentary,70,2006
77,Chance similar certain.,sci-fi,40,2003
78,Nice performance.,sci-fi,119,2002
79,Stand environmental box that.,documentary,149,2011
80,Attorney senior.,comedy,125,2000
81,To.,sci-fi,106,2003
82,School mother.,sci-fi,163,2005
83,True majority.,documentary,104,2004
84,Scientist all.,action,80,2015
85,Claim anyone.,drama,177,2009
86,Easy material left.,action,44,2003
87,Fast.,documentary,174,2019
88,Miss end.,documentary,162,2008
89,Interest pick.,documentary,111,2001
90,Model summer she ball.,action,156,2023
91,Young fight behavior.,comedy,78,2009
92,Modern something.,drama,137,2024
93,Off.,drama,128,2024
94,Line peace.,action,86,2011
95,Owner mention.,documentary,38,2009
96,Art sometimes body.,sci-fi,156,2008
97,Almost close provide.,sci-fi,148,2002
98,Beautiful page or.,documentary,111,2019
99,Range provide area per.,drama,55,2009
100,Chair.,drama,81,2016
101,Language population hear.,sci-fi,160,2010
102,Soldier beautiful.,sci-fi,169,2013
103,Benefit spend.,drama,81,2009
104,Team look your.,action,112,2002
105,Mr help.,documentary,179,2009
106,Develop note.,documentary,146,2004
107,Family shoulder.,documentary,122,2021
108,Later usually.,comedy,141,2019
109,Strong before ground democratic.,drama,95,2011
110,Still physical.,comedy,135,2016
111,Gun enter population.,action,125,2023
112,Listen lose participant.,documentary,180,2001
113,Money professional again.,sci-fi,80,2010
114,Everyone body mention.,comedy,84,2017
115,Rich.,sci-fi,166,2007
116,Clear.,sci-fi,32,2006
117,Employee remember.,sci-fi,173,2019
118,Collection call.,sci-fi,166,2003
119,Country list right.,drama,140,2023
120,Today right management compare.,comedy,166,2001
121,Offer wear.,drama,58,2010
122,Executive left hope.,drama,178,2010
123,Tv along store.,action,141,2017
124,Experience structure hold.,action,34,2014
125,Another news answer recognize.,comedy,33,2004
126,Value short.,documentary,77,2018
127,Chance available.,sci-fi,142,2024
128,Floor early.,comedy,167,2014
129,Smile early easy computer.,drama,51,2017
130,Perform.,documentary,167,2010
131,Eat job more.,action,57,2003
132,Rest.,drama,33,2012
133,Car serious.,action,45,2002
134,College action.,sci-fi,74,2016
135,Study similar.,sci-fi,165,2012
136,Tough dream.,drama,61,2005
137,Position near thought.,comedy,55,2001
138,Country.,drama,103,2016
139,Something low through.,action,118,2008
140,Edge market themselves.,sci-fi,49,2011
141,Suffer professor prove.,drama,32,2021
142,Rich.,comedy,172,2010
143,Both concern general.,drama,34,2018
144,Per gas exactly lead.,action,176,2011
145,Human.,action,124,2003
146,Knowledge happy.,action,98,2013
147,Couple one.,action,64,2022
148,While ask management.,sci-fi,85,2009
149,Discover whole fact become.,comedy,36,2012
150,For walk.,action,171,2010
151,Audience room during.,comedy,159,2010
152,Live degree.,drama,42,2000
153,Have want benefit.,action,164,2021
154,Catch while north.,documentary,49,2010
155,Ask receive.,drama,37,2018
156,Every add.,drama,43,2024
157,Never role.,comedy,53,2018
158,Close professional young.,comedy,159,2022
159,Single action laugh.,documentary,98,2008
160,Require.,drama,121,2023
161,Ready especially.,documentary,103,2015
162,Worker.,sci-fi,154,2022
163,Others early.,drama,139,2015
164,Federal about.,drama,52,2022
165,Into six.,documentary,158,2023
166,By born small.,drama,67,2013
167,Floor ten.,action,158,2015
168,Hotel current.,documentary,30,2023
169,Style ten.,action,40,2005
170,Tough nearly simply.,action,159,2024
171,Adult next.,drama,42,2005
172,Decide medical help seek.,drama,60,2014
173,She short tough.,drama,106,2019
174,Look professor admit country.,comedy,156,2003
175,Get situation fast.,documentary,47,2010
176,Commercial old officer choose.,documentary,88,2000
177,Agent interesting.,drama,87,2017
178,Record join site.,comedy,115,2005
179,Population drive.,action,120,2017
180,Job western smile.,drama,43,2019
181,Anyone move.,action,114,2009
182,Region current story.,documentary,79,2000
183,Before worry debate.,comedy,138,2012
184,Ten since not.,drama,117,2013
185,Sell another.,drama,168,2008
186,Thought court certainly.,drama,154,2007
187,A information writer.,drama,88,2017
188,Soon eye theory.,drama,93,2011
189,Star.,sci-fi,165,2016
190,Seek focus.,drama,159,2022
191,Stuff its.,action,122,2012
192,Single deep raise.,action,168,2003
193,Develop represent.,sci-fi,153,2009
194,Computer her feel.,drama,96,2007
195,Civil character network.,comedy,139,2005
196,Will short.,sci-fi,137,2023
197,View half brother yourself.,comedy,54,2017
198,Short baby.,action,170,2005
199,Political go prepare.,documentary,80,2005
200,Authority short oil.,drama,116,2010
